"1","Madilyn_Koss","http://lorempixel.com/640/480","https://sarai.us","end-to-end","42857","24694"
"2","Christophe.Leannon58","http://lorempixel.com/640/480","https://kaley.info","mission-critical","24210","66838"
"3","Norwood.Watsica","http://lorempixel.com/640/480","https://terrill.com","proactive","160","32934"
"4","Jackie54","http://lorempixel.com/640/480","http://brendan.net","wireless","9983","14979"
"5","Rhiannon64","http://lorempixel.com/640/480","https://wava.com","value-added","11868","39237"
"6","Trever57","http://lorempixel.com/640/480","https://gonzalo.net","bricks-and-clicks","31603","7443"
"7","Zelma56","http://lorempixel.com/640/480","http://lennie.name","cross-platform","2868","17607"
"8","Darian84","http://lorempixel.com/640/480","http://george.us","real-time","61621","64634"
"9","Neoma67","http://lorempixel.com/640/480","http://lorenz.net","proactive","87065","42979"
"10","Brandyn0","http://lorempixel.com/640/480","http://abagail.name","mission-critical","99871","49645"
"11","Marianna89","http://lorempixel.com/640/480","https://tyrell.name","B2C","42639","38876"
"12","Olaf72","http://lorempixel.com/640/480","https://bartholome.org","customized","41737","180"
"13","Rosemarie.Haley36","http://lorempixel.com/640/480","https://andreanne.name","one-to-one","69624","94267"
"14","Jeremy_Ruecker67","http://lorempixel.com/640/480","https://madonna.net","B2B","43111","86038"
"15","Rowan.Rowe","http://lorempixel.com/640/480","https://johan.biz","cutting-edge","37023","48722"
"16","Kailey53","http://lorempixel.com/640/480","https://ferne.name","robust","72694","94104"
"17","Maxime.Hegmann1","http://lorempixel.com/640/480","http://myriam.us","vertical","73367","22767"
"18","Penelope9","http://lorempixel.com/640/480","http://pierre.info","innovative","41634","93279"
"19","Alvina_Gorczany66","http://lorempixel.com/640/480","https://lorenzo.us","end-to-end","36525","11162"
"20","Arvel46","http://lorempixel.com/640/480","http://elda.net","rich","30889","20205"
"21","Durward98","http://lorempixel.com/640/480","http://tyra.name","B2C","76494","76816"
"22","Caden.Torp","http://lorempixel.com/640/480","http://lenna.biz","clicks-and-mortar","53072","81026"
"23","Adan.Ritchie","http://lorempixel.com/640/480","http://terence.net","compelling","4539","87360"
"24","Opal14","http://lorempixel.com/640/480","http://hildegard.org","viral","44400","98344"
"25","Bonita73","http://lorempixel.com/640/480","http://mae.com","visionary","27295","21199"